<application>
  <component name="DesignSurface">
    <option name="filePathToZoomLevelMap">
      <map>
        <entry key="..\:/developProject/hangliebe/FFmpegDemo/app/src/main/res/layout/activity_main.xml" value="0.1" />
        <entry key="..\:/developProject/hangliebe/MeidaNeo/app/src/main/res/layout/activity_rtmp.xml" value="0.1" />
        <entry key="..\:/developProject/hangliebe/Neo/NeoTest/app/src/main/res/layout/activity_main.xml" value="0.1" />
        <entry key="..\:/developProject/hangliebe/UmlMaker/app/src/main/res/menu/main.xml" value="0.1" />
        <entry key="..\:/developProject/hangliebe/media_neo/media_neo/MediaNeo/app/src/main/res/layout/activity_live_broadcast.xml" value="0.17135416666666667" />
        <entry key="..\:/developProject/hangliebe/media_neo/media_neo/MediaNeo/app/src/main/res/layout/activity_main.xml" value="0.203125" />
        <entry key="..\:/developProject/hangliebe/media_neo/media_neo/MediaNeo/app/src/main/res/layout/activity_preview.xml" value="0.25" />
        <entry key="..\:/developProject/hangliebe/media_neo/media_neo/MediaNeo/app/src/main/res/layout/activity_rtmp.xml" value="0.15208333333333332" />
      </map>
    </option>
  </component>
</application>